Question,Answer_choice,Correct_or_not
1. Graves eye disease (  ),A. Intermittent Eye,0
1. Graves eye disease (  ),B. Sinic sinus sinuscorea,0
1. Graves eye disease (  ),C. Spontaneous pulsation and exclusive eye,0
1. Graves eye disease (  ),D. Obstacles of thyroid dysfunction,1
1. Graves eye disease (  ),E. Thyrical dysfunction of dysfunction,0
2. The difference between the identification of inflammatory pseudotumors and Graves eye disease is (  ),"A. Adults of inflammatory pseudotumors suffer from multi-eye, Graves Eye disease adults suffer",0
2. The difference between the identification of inflammatory pseudotumors and Graves eye disease is (  ),"B. Graves Eye disease patients T3, T4, TSH are more abnormal",0
2. The difference between the identification of inflammatory pseudotumors and Graves eye disease is (  ),"C. Inflammatory pseudotumors may have a lacrimal type, and Graves eye disease rarely affects lacrimal glands causing lacrimal gland swelling and inflammation",0
2. The difference between the identification of inflammatory pseudotumors and Graves eye disease is (  ),D. Inflammatory pseudotumors will not cause exposed keratitis or even corneal ulcers,1
2. The difference between the identification of inflammatory pseudotumors and Graves eye disease is (  ),E. Graves Eye Diseases Eye Sleephis Tellets are not affected,0
3. Children's most common malignant tumors that are originally in the orbit are (  ),A. Leather-like cyst,0
3. Children's most common malignant tumors that are originally in the orbit are (  ),B. Epidermal cyst,0
3. Children's most common malignant tumors that are originally in the orbit are (  ),C. Vicious meningioma,0
3. Children's most common malignant tumors that are originally in the orbit are (  ),D. Horizontal muscle sarcoma,1
3. Children's most common malignant tumors that are originally in the orbit are (  ),E. Retinal maternal cystoma,0
4. About the treatment method for acute tendonitis is wrong (  ),A. Titanic antibiotic eye water,0
4. About the treatment method for acute tendonitis is wrong (  ),B. Application of antibiotics in the whole body,0
4. About the treatment method for acute tendonitis is wrong (  ),C. Syringing of lacrimal passages,1
4. About the treatment method for acute tendonitis is wrong (  ),D. Early hot compress therapy,0
4. About the treatment method for acute tendonitis is wrong (  ),E. The fluctuation of the abscess will cut the pus,0
5. Which of the classification of orbital disease is incorrect (  ),A. Tumor lesions,0
5. Which of the classification of orbital disease is incorrect (  ),B. Inflammation lesions,0
5. Which of the classification of orbital disease is incorrect (  ),C. Congenital abnormalities,0
5. Which of the classification of orbital disease is incorrect (  ),D. Vascular lesions,0
5. Which of the classification of orbital disease is incorrect (  ),E. cystic lesion,1
6. Eidamitis pseuda and graves eye diseases may occur (  ),A. Eye outstanding,0
6. Eidamitis pseuda and graves eye diseases may occur (  ),B. Eye muscle paralysis,0
6. Eidamitis pseuda and graves eye diseases may occur (  ),C. Ballin edema,0
6. Eidamitis pseuda and graves eye diseases may occur (  ),D. Copybolis affected,0
6. Eidamitis pseuda and graves eye diseases may occur (  ),E. above can,1
7. Patients with yellow tumors combined with blood lipid abnormalities are (  ),A.10%,0
7. Patients with yellow tumors combined with blood lipid abnormalities are (  ),B.20%,0
7. Patients with yellow tumors combined with blood lipid abnormalities are (  ),C.30%,1
7. Patients with yellow tumors combined with blood lipid abnormalities are (  ),D.50%,0
7. Patients with yellow tumors combined with blood lipid abnormalities are (  ),E.80%,0
8. The most common reason for children's eyeballs is (  ),A. Obuyotototype cyst,0
8. The most common reason for children's eyeballs is (  ),B. Obibasifier,0
8. The most common reason for children's eyeballs is (  ),C. Obilus honeycomb wovenitis,1
8. The most common reason for children's eyeballs is (  ),D. Retinal maternal cystoma,0
8. The most common reason for children's eyeballs is (  ),E. Horizontal myoid,0
9. Which of the following is not the clinical manifestation of chronic dacryoadenitis (  ),"A. Divide leaf-shaped painless block outside the eyelid, soft",0
9. Which of the following is not the clinical manifestation of chronic dacryoadenitis (  ),B. There are upper eyelid drooping,0
9. Which of the following is not the clinical manifestation of chronic dacryoadenitis (  ),C. Eyes are limited to outward and outward,0
9. Which of the following is not the clinical manifestation of chronic dacryoadenitis (  ),"D. Obvious tenderness, redness and swelling of the skin",1
9. Which of the following is not the clinical manifestation of chronic dacryoadenitis (  ),E. Frequently bilateral onset,0
10. Meig & APOS; The eyelid symptoms of S syndrome are (  ),A. Increased eyelid closure,0
10. Meig & APOS; The eyelid symptoms of S syndrome are (  ),B. Eyelidasis,1
10. Meig & APOS; The eyelid symptoms of S syndrome are (  ),C. Scarring Eye Verprration,0
10. Meig & APOS; The eyelid symptoms of S syndrome are (  ),D. Eye drooping,0
10. Meig & APOS; The eyelid symptoms of S syndrome are (  ),E. Mechanical eyelid turning,0
11. The most common reasons for adult eyeballs (  ),A. Obilus honeycomb wovenitis,0
11. The most common reasons for adult eyeballs (  ),B. Thyroid-related eye disease,1
11. The most common reasons for adult eyeballs (  ),C. Neurological fibroma,0
11. The most common reasons for adult eyeballs (  ),D. Gelatinoma,0
11. The most common reasons for adult eyeballs (  ),E. sponge hemangioma,0
12. The description of the anatomy of the orbits is incorrect.,"A. The inner wall is adjacent to the sieve, there is a frontal sinus in the inner wall, and the upper maxillary sinus is below",0
12. The description of the anatomy of the orbits is incorrect.,B. 7 bones make up the orbits,0
12. The description of the anatomy of the orbits is incorrect.,C. The top wall of the orbital is separated from the cranial fossa from the skull,0
12. The description of the anatomy of the orbits is incorrect.,D. The appearance of the eyebrows is irregularly circular,1
12. The description of the anatomy of the orbits is incorrect.,"E. In addition to the nerves and vascular channels, the orbit is not connected with the sinus and the cranial cavity",0
13. What shaped bone empty (is the eyebrow (  ),A. Oval,0
13. What shaped bone empty (is the eyebrow (  ),B. trapezoidal,0
13. What shaped bone empty (is the eyebrow (  ),C.,1
13. What shaped bone empty (is the eyebrow (  ),D. cone,0
13. What shaped bone empty (is the eyebrow (  ),E. Cube,0
14. The following description of sponge-like hemangioma is correct (  ),A. How incomplete envelopes,0
14. The following description of sponge-like hemangioma is correct (  ),B. The tumor contains smooth muscles,1
14. The following description of sponge-like hemangioma is correct (  ),C. Often affects vision,0
14. The following description of sponge-like hemangioma is correct (  ),D.A ultra-internal reflection is medium and low waves,0
14. The following description of sponge-like hemangioma is correct (  ),E. Most can be spontaneously disappeared,0
15. The incorrect meningioma of the series is (  ),A. More common in middle-aged women,0
15. The incorrect meningioma of the series is (  ),"B. Easy relapse, most of them are malignant",1
15. The incorrect meningioma of the series is (  ),C. Imaging performance is diverse,0
15. The incorrect meningioma of the series is (  ),D. Treatment is mainly surgery,0
15. The incorrect meningioma of the series is (  ),E. It occurs in children and the prognosis is worse,0
"16. Regarding the characteristics of the orbital X-ray, which is correct (  )",A. Eye expansion is generally malignant lesions,0
"16. Regarding the characteristics of the orbital X-ray, which is correct (  )",B. Obilus bone destruction is also common in benign tumors,0
"16. Regarding the characteristics of the orbital X-ray, which is correct (  )","C. It can show lacrimal glands, optic nerve holes, upper orbital cracks, butterfly bones",1
"16. Regarding the characteristics of the orbital X-ray, which is correct (  )",D. The disappearance of the unknown line represents more malignant tumors,0
"16. Regarding the characteristics of the orbital X-ray, which is correct (  )","E. If there is tissue calcification in the orbit, most of the benign lesions",0
17. Acute tendonitis will not form (  ),A. Tearspool fistula,0
17. Acute tendonitis will not form (  ),B. Before the first honeycomb wovenitis,0
17. Acute tendonitis will not form (  ),C. Tears mucus cysts,1
17. Acute tendonitis will not form (  ),D. Tear sac abscess,0
17. Acute tendonitis will not form (  ),E. Pyxiaxia,0
18. Skin-like cysts are from (  ),A. Epidermal outer embryo during the embryo period,1
18. Skin-like cysts are from (  ),B. Embryoe in the embryo period,0
18. Skin-like cysts are from (  ),C. Embryoe in the embryonic epidermis,0
18. Skin-like cysts are from (  ),D. Embroidery in the embryo period,0
18. Skin-like cysts are from (  ),E. Cerebal nerve spine cells,0
19. Fighting eyeballs are most common in (  ),A. Emperor Eye Evhalosis,0
19. Fighting eyeballs are most common in (  ),B. inflammatory fake tumor,0
19. Fighting eyeballs are most common in (  ),C. Eye vein song,0
19. Fighting eyeballs are most common in (  ),D. Cervical cavernous sinus fistula fistula,1
19. Fighting eyeballs are most common in (  ),E. sponge hemangioma,0
20. The most common benign tumor in adults is (  ),A. Sponge-like hemangioma,1
20. The most common benign tumor in adults is (  ),B. Gelatinoma,0
20. The most common benign tumor in adults is (  ),C. Skin-like cyst,0
20. The most common benign tumor in adults is (  ),D. Horizontal muscle sarcoma,0
20. The most common benign tumor in adults is (  ),E. inflammatory fake tumor,0
"21. Regarding the diagnosis of idiopathic orbital myositis and thyroid-related eye disease, the following statement is incorrect (  )","A. Eidalitis is more common in single-eye, and thyroid-related eye diseases are more common in eye diseases",0
"21. Regarding the diagnosis of idiopathic orbital myositis and thyroid-related eye disease, the following statement is incorrect (  )","B. Ezon muscle muscles are thickened in the whole stage, and thyroid-related eye diseases are dominated by muscle abdomen thickening",0
"21. Regarding the diagnosis of idiopathic orbital myositis and thyroid-related eye disease, the following statement is incorrect (  )",C. Patients with thyroid-related eye diseases often have symptoms such as eyelid retracting and stagnation. Patients with orbital myositis have no abnormal eyelids,0
"21. Regarding the diagnosis of idiopathic orbital myositis and thyroid-related eye disease, the following statement is incorrect (  )",D. Patients with thyroid-related ophthalmic patients with a sclera on congestion at the muscle attachment of the muscles of the muscle attachment in the muscle attachment of the orbital muscle inflammation,1
"21. Regarding the diagnosis of idiopathic orbital myositis and thyroid-related eye disease, the following statement is incorrect (  )",E. Eye myositis and thyroid-related eye disease patients can be treated with glucocorticoids,0
22. The following is not a malignant tumor of the lacrimal glands performing (  ),A. The eyeball is prominent and rapidly developing,0
22. The following is not a malignant tumor of the lacrimal glands performing (  ),B. Lower eyelid drooping,0
22. The following is not a malignant tumor of the lacrimal glands performing (  ),C. Local pain,0
22. The following is not a malignant tumor of the lacrimal glands performing (  ),D. Limited to the eyeball,0
22. The following is not a malignant tumor of the lacrimal glands performing (  ),E. Visual function has no significant effect,1
"23. Related to the ingredients of squamous blepharitis, the wrong thing is (  )",A. Chronic inflammation caused by sebum overflow of the eyelid margin,0
"23. Related to the ingredients of squamous blepharitis, the wrong thing is (  )",B. The affected area can often find ovarian dandruff and bacteria,0
"23. Related to the ingredients of squamous blepharitis, the wrong thing is (  )","C. Relansous, malnutrition can induce the disease",0
"23. Related to the ingredients of squamous blepharitis, the wrong thing is (  )",D. Long-term use of inferior cosmetics can induce the disease,0
"23. Related to the ingredients of squamous blepharitis, the wrong thing is (  )",E. Eyeglasses are easy to fall off and cannot be regenerated,1
"24. About diseases within the muscle cone and external to the muscle cone, which statement is incorrect?","A. Tumors are more commonly seen in diseases within the muscle cone, while inflammation is more commonly seen in diseases external to the muscle cone.",1
"24. About diseases within the muscle cone and external to the muscle cone, which statement is incorrect?",B. Disorders within the muscle cone often result in protrusion of the eyeballs in the forward direction.,0
"24. About diseases within the muscle cone and external to the muscle cone, which statement is incorrect?",C. Disorders external to the muscle cone often result in displacement of the eyeballs towards the affected side.,0
"24. About diseases within the muscle cone and external to the muscle cone, which statement is incorrect?",D. Both diseases within the muscle cone and external to the muscle cone can cause movement disorders.,0
"24. About diseases within the muscle cone and external to the muscle cone, which statement is incorrect?","E. Compared to diseases external to the muscle cone, diseases within the muscle cone are more likely to affect vision in the early stages.",0
"25. Before the examination of eye trauma examination, inquire the medical history, including (  )","A. When, how to be injured, and cause the storm",0
"25. Before the examination of eye trauma examination, inquire the medical history, including (  )",B. Whether there is a possibility of foreign matter in the eyes,0
"25. Before the examination of eye trauma examination, inquire the medical history, including (  )",C. The state of the eye before the injury,0
"25. Before the examination of eye trauma examination, inquire the medical history, including (  )","D. Urgent diagnosis ( TAT injection, antibiotics, etc.)",0
"25. Before the examination of eye trauma examination, inquire the medical history, including (  )",E. The above items are all,1
26. The main reason for infants and young children to spill tears is (  ),A. Conjacusitis,0
26. The main reason for infants and young children to spill tears is (  ),B. Congenital tears small lock lock,0
26. The main reason for infants and young children to spill tears is (  ),C. Congenital tear pipes atresia,0
26. The main reason for infants and young children to spill tears is (  ),D. Increase tear secretion,0
26. The main reason for infants and young children to spill tears is (  ),E. Nasal nasal tube dysplasia,1
27. The main symptom of orbital tumor is (  ),A. congestion,0
27. The main symptom of orbital tumor is (  ),B. edema,0
27. The main symptom of orbital tumor is (  ),C. Eye pain,0
27. The main symptom of orbital tumor is (  ),D. Eye,1
27. The main symptom of orbital tumor is (  ),E. Review,0
28. The following is not the cause of acute tear adenitis (  ),A. Popular mumps,0
28. The following is not the cause of acute tear adenitis (  ),B. The inflammation of the wound or neighboring tissue of the lacrimal glands spread,0
28. The following is not the cause of acute tear adenitis (  ),C. Acute conjunctivitis,0
28. The following is not the cause of acute tear adenitis (  ),D. Blood in the distance to metastasize infections,0
28. The following is not the cause of acute tear adenitis (  ),E.hasner petal block,1
29. Which of the following is the normal value of the eyeball protrusion (  ),A.11 ～ 13 mm,0
29. Which of the following is the normal value of the eyeball protrusion (  ),B.12 ～ 13 mm,0
29. Which of the following is the normal value of the eyeball protrusion (  ),C.12 ～ 14 mm,1
29. Which of the following is the normal value of the eyeball protrusion (  ),D.12 ～ 15 mm,0
29. Which of the following is the normal value of the eyeball protrusion (  ),E.11 ～ 15 mm,0
30. The characteristics of alkaline burns are (  ),A. Make tissue protein coagulation and bad,0
30. The characteristics of alkaline burns are (  ),B. Missing tissue necrosis,0
30. The characteristics of alkaline burns are (  ),C. Can dissolve fat and protein and make cells decompose necrosis,1
30. The characteristics of alkaline burns are (  ),D. Slow off the corneal epithelial point,0
30. The characteristics of alkaline burns are (  ),E. Destroy endothelial cells,0
31. The malignant tumor of the eyelids that are not sensitive to radiation therapy is (  ),A. Symagonistic cancer,1
31. The malignant tumor of the eyelids that are not sensitive to radiation therapy is (  ),B. Symbolic cell carcinoma,0
31. The malignant tumor of the eyelids that are not sensitive to radiation therapy is (  ),C. Basal cell carcinoma,0
31. The malignant tumor of the eyelids that are not sensitive to radiation therapy is (  ),D. Malignant melanoma,0
31. The malignant tumor of the eyelids that are not sensitive to radiation therapy is (  ),E. Keythexic tumor,0
32. The four joint signs of typical cashmere meningiomas do not include (  ),A. Eye outstanding,0
32. The four joint signs of typical cashmere meningiomas do not include (  ),B. Lost vision,0
32. The four joint signs of typical cashmere meningiomas do not include (  ),C. Chronic visual nipple edema,0
32. The four joint signs of typical cashmere meningiomas do not include (  ),D. Cranial metastases,1
32. The four joint signs of typical cashmere meningiomas do not include (  ),E. Visual short-circuit blood vessel formation,0
33. Congenital tears lacks are mainly found in (  ),A.Behcet disease,0
33. Congenital tears lacks are mainly found in (  ),B.best disease,0
33. Congenital tears lacks are mainly found in (  ),C.Coats disease,0
33. Congenital tears lacks are mainly found in (  ),D.Steven-Johnson syndrome,0
33. Congenital tears lacks are mainly found in (  ),E.Riley-DAY syndrome,1
"34. For obtaining tear ducts, you should focus on the medical history, including (  )",A. History of local medicine,0
"34. For obtaining tear ducts, you should focus on the medical history, including (  )",B. History of Eye Diseases,0
"34. For obtaining tear ducts, you should focus on the medical history, including (  )",C. History of Face-faced Nose Trauma,0
"34. For obtaining tear ducts, you should focus on the medical history, including (  )",D. History of Sandylonia,0
"34. For obtaining tear ducts, you should focus on the medical history, including (  )",E. The above are all,1
35. The most prone to far-distance transfer and the worst prognosis is (  ),A. Eye keratinized acanthoma tumor,0
35. The most prone to far-distance transfer and the worst prognosis is (  ),B. Eye base cell carcinoma,0
35. The most prone to far-distance transfer and the worst prognosis is (  ),C. Eyeline-like cell papilloma,0
35. The most prone to far-distance transfer and the worst prognosis is (  ),D. Eye sebaceous gland glandular cancer,1
35. The most prone to far-distance transfer and the worst prognosis is (  ),E. Eye-like epithelial cell carcinoma carcinoma,0
36. The preferred treatment method for skeletal muscle sarcoma is (  ),A. Objective content,0
36. The preferred treatment method for skeletal muscle sarcoma is (  ),B. The combination of radiotherapy and chemotherapy,1
36. The preferred treatment method for skeletal muscle sarcoma is (  ),C. radiotherapy,0
36. The preferred treatment method for skeletal muscle sarcoma is (  ),D. Chemotherapy,0
36. The preferred treatment method for skeletal muscle sarcoma is (  ),E. Surgical treatment,0
37. The incorrect treatment in the treatment of exposure to epilepsy is (  ),A. Physiological saline wet compress,0
37. The incorrect treatment in the treatment of exposure to epilepsy is (  ),B. Glucocortic hormone eye drops,0
37. The incorrect treatment in the treatment of exposure to epilepsy is (  ),C. Glucocortic hormone eye ointment,0
37. The incorrect treatment in the treatment of exposure to epilepsy is (  ),D. Orally Tomatsu if necessary,0
37. The incorrect treatment in the treatment of exposure to epilepsy is (  ),E. Bringing affected eyes to avoid contact with the allergen,1
38. Sandobe can cause (  ),A. Scarring eyelid turning,1
38. Sandobe can cause (  ),B. Spasm eye turning in the eyelid,0
38. Sandobe can cause (  ),C. Scarring Eye Verprration,0
38. Sandobe can cause (  ),D. Paralyzed eyelid revelation,0
38. Sandobe can cause (  ),E. Mechanical eyelid turning,0
39. The serious complications of orbital cellulitis are (  ),A. Review,0
39. The serious complications of orbital cellulitis are (  ),B. Eye outstanding eyesight,0
39. The serious complications of orbital cellulitis are (  ),C. Optophyte atrophy,0
39. The serious complications of orbital cellulitis are (  ),D. Eye abscess,0
39. The serious complications of orbital cellulitis are (  ),E. Infection expansion to intracranial,1
"40. The typical ""S"" shape of the upper eyelid is bent in (  )",A. Chronic lacrimal glands,0
"40. The typical ""S"" shape of the upper eyelid is bent in (  )",B. Acute tear glands,1
"40. The typical ""S"" shape of the upper eyelid is bent in (  )",C. Lacrimal glands mixed tumor,0
"40. The typical ""S"" shape of the upper eyelid is bent in (  )",D. Gland -like cystic cancer,0
"40. The typical ""S"" shape of the upper eyelid is bent in (  )",E. Chronic lacrimal cystitis,0
41. The main cause of chronic tendonitis is (  ),A. tear tube blocking,0
41. The main cause of chronic tendonitis is (  ),B. Tears narrow,0
41. The main cause of chronic tendonitis is (  ),C. Tears closed,0
41. The main cause of chronic tendonitis is (  ),D. tear pipe obstruction,0
41. The main cause of chronic tendonitis is (  ),E. Nasive and sarcasm obstruction or narrow,1
42. The characteristics of the following internal split skin are wrong (  ) (  ),A. It is more common in middle-aged and elderly people,1
42. The characteristics of the following internal split skin are wrong (  ) (  ),B. Can be coupled with drooping upper eyelid,0
42. The characteristics of the following internal split skin are wrong (  ) (  ),C. Most of the lesions are located on the upper eyelid near the inner corner skin,0
42. The characteristics of the following internal split skin are wrong (  ) (  ),D. Most of them are bilateral onset,0
42. The characteristics of the following internal split skin are wrong (  ) (  ),E. No treatment,0
43. Which one is not one of the four gaps of the eyes (  ),A. Overseas gap,0
43. Which one is not one of the four gaps of the eyes (  ),B. outer gap in muscle cone,0
43. Which one is not one of the four gaps of the eyes (  ),C. Inner space of muscle cone,0
43. Which one is not one of the four gaps of the eyes (  ),D.tenon ’s pocket,1
43. Which one is not one of the four gaps of the eyes (  ),E. The gap between the fascia and the eyeballs of the eyeball,0
44. Skin-like cysts are best occurred in (  ),A. Inner orbital edge,0
44. Skin-like cysts are best occurred in (  ),B. Inner orbital edge,0
44. Skin-like cysts are best occurred in (  ),C.,0
44. Skin-like cysts are best occurred in (  ),D. outer orbital edge,1
44. Skin-like cysts are best occurred in (  ),E. Inside the muscle cone,0
45. Elderly meibomian gland cysts have recurred twice after surgery. Then(  ),A. The surgery is not removed and cleaned,0
45. Elderly meibomian gland cysts have recurred twice after surgery. Then(  ),B. Pharmaceutical meibomianica cancer,1
45. Elderly meibomian gland cysts have recurred twice after surgery. Then(  ),C. Secondary infection,0
45. Elderly meibomian gland cysts have recurred twice after surgery. Then(  ),D. Local scar hyperplasia,0
45. Elderly meibomian gland cysts have recurred twice after surgery. Then(  ),E. Breight glands secrete strong,0
46. Which type of pathological is the best prognosis (  ),A. embryo,0
46. Which type of pathological is the best prognosis (  ),B. Small bubble leaf type,0
46. Which type of pathological is the best prognosis (  ),C. Poly-sex,1
46. Which type of pathological is the best prognosis (  ),D. epithelial type,0
46. Which type of pathological is the best prognosis (  ),E. Intersection,0
47. Acute tendonitis should not be processed by the following (  ),A. Hot compress,0
47. Acute tendonitis should not be processed by the following (  ),B. Antibiotic eye fluid for local drops,0
47. Acute tendonitis should not be processed by the following (  ),C. Syringing of lacrimal passages,1
47. Acute tendonitis should not be processed by the following (  ),D. Cut open pus,0
47. Acute tendonitis should not be processed by the following (  ),E. Antibiotic application of the whole body,0
48. Scarring eyelids are most common in (  ),A. Conjacusitis,0
48. Scarring eyelids are most common in (  ),B. Lower eyelid drooping,0
48. Scarring eyelids are most common in (  ),C. sandylona,1
48. Scarring eyelids are most common in (  ),D. Inner wheat enlargement,0
48. Scarring eyelids are most common in (  ),E. Marrator adenocarcinoma,0
49. The possible cause of ulcerative blepharitis is (  ),A. The sebum overflow of the eyelid margin,0
49. The possible cause of ulcerative blepharitis is (  ),B. Staphylococcus aureus infection,1
49. The possible cause of ulcerative blepharitis is (  ),C. Momo-Aibulobacar infection,0
49. The possible cause of ulcerative blepharitis is (  ),D. Perverted reaction,0
49. The possible cause of ulcerative blepharitis is (  ),E. Conclusion inflammation spread,0
50. The characteristics of leather-like cysts do not include (  ),"A. It is more common in children and adolescents, often manifested as prominent and shifting",0
50. The characteristics of leather-like cysts do not include (  ),"B. Slow development, there are no conscious symptoms",0
50. The characteristics of leather-like cysts do not include (  ),"C. The lump is smooth, the border is clear, slightly flexible, sticky with the skin, poor activity",1
50. The characteristics of leather-like cysts do not include (  ),"D. The lump can contain hair, fat and other objects",0
50. The characteristics of leather-like cysts do not include (  ),E. It is a cyst formed by the embryonic epidermal outer embryo.,0
51. The benign tumor of the most common tear septum is (  ),A. mucus adenoma,0
51. The benign tumor of the most common tear septum is (  ),B. Popular tumor,1
51. The benign tumor of the most common tear septum is (  ),C. Hemangioma,0
51. The benign tumor of the most common tear septum is (  ),D. Poor mole,0
51. The benign tumor of the most common tear septum is (  ),E. Skin -like swollen,0
52. The description of the positive vision of the congenital upper eyelid inferiority is wrong (  ),"A. Once the amblyopia is formed, it should be surgery as soon as possible",0
52. The description of the positive vision of the congenital upper eyelid inferiority is wrong (  ),B. All caused by the upper eyelid covering the pupils,1
52. The description of the positive vision of the congenital upper eyelid inferiority is wrong (  ),C. About 25%of children have amblyopia,0
52. The description of the positive vision of the congenital upper eyelid inferiority is wrong (  ),D. Related to the refractive,0
52. The description of the positive vision of the congenital upper eyelid inferiority is wrong (  ),E. High astigmatism is related,0
"53. Regarding capillary hemangioma, the statement is wrong (  )",A. It is the most common eyelid benign tumor for infants and young children,0
"53. Regarding capillary hemangioma, the statement is wrong (  )","B. When the skin is deep, it is often purple and blue",0
"53. Regarding capillary hemangioma, the statement is wrong (  )","C. Once found, it can be removed immediately",1
"53. Regarding capillary hemangioma, the statement is wrong (  )",D. Seeing hemangioma can retreat by itself,0
"53. Regarding capillary hemangioma, the statement is wrong (  )",E. The preferred treatment method is the local injection of glucocorticoids,0
54. The incidence rate of the first eyelid vicious tumor is (  ),A. Basal cell carcinoma,1
54. The incidence rate of the first eyelid vicious tumor is (  ),B. Malignant melanoma,0
54. The incidence rate of the first eyelid vicious tumor is (  ),C. Symagonistic cancer,0
54. The incidence rate of the first eyelid vicious tumor is (  ),D. Symbolic cell carcinoma,0
54. The incidence rate of the first eyelid vicious tumor is (  ),E. Infectious warts,0
55. The clinical manifestation of not in line with congenital eyelid defects is (  ),"A. The shape of the defect is mostly triangular, and the base is located on the eyelid margin",0
55. The clinical manifestation of not in line with congenital eyelid defects is (  ),B. Most of them are monocular onset,0
55. The clinical manifestation of not in line with congenital eyelid defects is (  ),C. Most of it is common in the eyelids,1
55. The clinical manifestation of not in line with congenital eyelid defects is (  ),D. Disables are most common in the inner part of the central part,0
55. The clinical manifestation of not in line with congenital eyelid defects is (  ),E. Large defects can cause corneal ulcers,0
56. The advantages of MRI eye images are not right (  ),A. There is no X-ray radiation effect on the crystal body,0
56. The advantages of MRI eye images are not right (  ),B. Can be directly used in multiple aspects,0
56. The advantages of MRI eye images are not right (  ),"C. Strong signal of bone structure, calcification stove and foreign body",1
56. The advantages of MRI eye images are not right (  ),D. Have a highly clear resolution of soft tissue,0
56. The advantages of MRI eye images are not right (  ),"E.MRI has a high resolution of soft tissue such as orbital content, optic nerve, and vision intercourse",0
"57. When rinsing the tear duct, the flushing fluid returns from the tears, and the block may be (  )",A. Tears,0
"57. When rinsing the tear duct, the flushing fluid returns from the tears, and the block may be (  )",B. Nasive tube,0
"57. When rinsing the tear duct, the flushing fluid returns from the tears, and the block may be (  )",C. Tears,1
"57. When rinsing the tear duct, the flushing fluid returns from the tears, and the block may be (  )",D. Tears small pipe,0
"57. When rinsing the tear duct, the flushing fluid returns from the tears, and the block may be (  )",E. The above is possible,0
58. The complications of ulcerative blepharitis include (  ),A. Cosmetic eyelashes,0
58. The complications of ulcerative blepharitis include (  ),B. Eye revelation,0
58. The complications of ulcerative blepharitis include (  ),C. Tears overflow,0
58. The complications of ulcerative blepharitis include (  ),D. lower eyelid eczema,0
58. The complications of ulcerative blepharitis include (  ),E. The above are all,1
59. Lacrimal tumors make the eyeball (  ),A. Behaviole forward,0
59. Lacrimal tumors make the eyeball (  ),B. Shift to the top of the temporal,0
59. Lacrimal tumors make the eyeball (  ),C. Shift to the temporal,0
59. Lacrimal tumors make the eyeball (  ),D. Shift to the top,0
59. Lacrimal tumors make the eyeball (  ),E. Shift to the nose,1
60. The most important thing for the treatment of orbital cellulitis is (  ),A. Treatment of primary stove,0
60. The most important thing for the treatment of orbital cellulitis is (  ),B. Active surgery,0
60. The most important thing for the treatment of orbital cellulitis is (  ),C. Appropriate corticosteroid treatment,0
60. The most important thing for the treatment of orbital cellulitis is (  ),D. Full amount of broad-spectrum antibiotics,1
60. The most important thing for the treatment of orbital cellulitis is (  ),E. Local strengthening of eye fluid and eye ointment to resist inflammation,0
61. What belongs to the foundation is (  ),A. Plum glands,0
61. What belongs to the foundation is (  ),B. Posten gland,0
61. What belongs to the foundation is (  ),C. Conclusion cup-shaped cells,0
61. What belongs to the foundation is (  ),D.zeis glands,0
61. What belongs to the foundation is (  ),E. The above are all,1
62. Except for the typical eye performance of thyroid-related eye disease (  ),A. Eyeline shrinkage,0
62. Except for the typical eye performance of thyroid-related eye disease (  ),B. The upper eyelid is late,0
62. Except for the typical eye performance of thyroid-related eye disease (  ),C. Eyes prominent,0
62. Except for the typical eye performance of thyroid-related eye disease (  ),"D. Disorders, restraint",0
62. Except for the typical eye performance of thyroid-related eye disease (  ),E. Perial membrane vascular spiral expansion,1
63. The most common pathogenic bacteria of acute dacryocystitis are (  ),A. White Candida,0
63. The most common pathogenic bacteria of acute dacryocystitis are (  ),B. Shigaji,0
63. The most common pathogenic bacteria of acute dacryocystitis are (  ),C. Fluentalobacteriobacterium,0
63. The most common pathogenic bacteria of acute dacryocystitis are (  ),D. Staphylococcus aureus,1
63. The most common pathogenic bacteria of acute dacryocystitis are (  ),E. Momo-Aibly,0
64. The second place to occupy the malignant tumor of the eyelids in my country is (  ),A. yellow tumor,0
64. The second place to occupy the malignant tumor of the eyelids in my country is (  ),B. Eye hemangioma,0
64. The second place to occupy the malignant tumor of the eyelids in my country is (  ),C. Basal cell carcinoma,0
64. The second place to occupy the malignant tumor of the eyelids in my country is (  ),D. Symbolic cell carcinoma,0
64. The second place to occupy the malignant tumor of the eyelids in my country is (  ),E. sebaceous glandular cancer,1
65. Except the main treatment measures for thyroid-related eye diseases (  ),A. Eye protection treatment,0
65. Except the main treatment measures for thyroid-related eye diseases (  ),B. Drug anti-infection treatment,0
65. Except the main treatment measures for thyroid-related eye diseases (  ),C. Objective pressure,0
65. Except the main treatment measures for thyroid-related eye diseases (  ),D. Cut the optic nervous sheath,1
65. Except the main treatment measures for thyroid-related eye diseases (  ),E. Radiation therapy,0
66. The most common pathogenic bacteria for hordeolum are (  ),A. Chain bacteria,0
66. The most common pathogenic bacteria for hordeolum are (  ),B. Staphylococcus aureus,1
66. The most common pathogenic bacteria for hordeolum are (  ),C. Mo-Aibulobacar,0
66. The most common pathogenic bacteria for hordeolum are (  ),D. fungi,0
66. The most common pathogenic bacteria for hordeolum are (  ),E. Copper Green Pseudolysis,0
67. The most commonly used diagnostic method to judge the obstruction of the lacrimal duct is (  ),A. Lacrimal duct probing,0
67. The most commonly used diagnostic method to judge the obstruction of the lacrimal duct is (  ),B. Lacrimal duct imaging,0
67. The most commonly used diagnostic method to judge the obstruction of the lacrimal duct is (  ),C. CT scan,0
67. The most commonly used diagnostic method to judge the obstruction of the lacrimal duct is (  ),D. Lacrimal duct flushing,1
67. The most commonly used diagnostic method to judge the obstruction of the lacrimal duct is (  ),E. Ultrasonography examination,0
"68. About congenital tear channel obstruction, the wrong description is (  )",A. It is usually caused by the haSner petals at the end of the nasal and cause.,0
"68. About congenital tear channel obstruction, the wrong description is (  )","B. Newborn tear secretion is less secretion, so there are few tears symptoms",1
"68. About congenital tear channel obstruction, the wrong description is (  )",C. Surgical treatment first before considering surgical treatment,0
"68. About congenital tear channel obstruction, the wrong description is (  )",D. Those with a small dot membrane with tears can be pierced directly with a probe or tear dot expander,0
"68. About congenital tear channel obstruction, the wrong description is (  )",E. Those who obstruct the nasal tube can feasibly tear the sac nasal cavity convergence,0
"69. About lacrimal tumors, the wrong thing is (  )",A. Lacrimal glands mixed tumor is the most common benign tumor of lacrimal glands,0
"69. About lacrimal tumors, the wrong thing is (  )",B. Tear tumors may cause eyeballs to protrude forward and down,0
"69. About lacrimal tumors, the wrong thing is (  )",C.CT has an important value for identifying whether the lacrimal tumor is malignant,0
"69. About lacrimal tumors, the wrong thing is (  )",D. Pleomorphic adenomas is soft and soft,1
"69. About lacrimal tumors, the wrong thing is (  )","E. Lacrimal glands, cystic cancer, prognosis",0
70. What does not meet the clinical manifestations of the eyelid is (  ),A. Tears,0
70. What does not meet the clinical manifestations of the eyelid is (  ),B. Eye cracks shrink,1
70. What does not meet the clinical manifestations of the eyelid is (  ),C. Exposed keratitis,0
70. What does not meet the clinical manifestations of the eyelid is (  ),D. Film dry,0
70. What does not meet the clinical manifestations of the eyelid is (  ),E. Eye closure is incomplete,0
71. Mo-Aburne infection often causes (  ),A. Polymidomyocylitis,1
71. Mo-Aburne infection often causes (  ),B. Ulcerative blepharitis,0
71. Mo-Aburne infection often causes (  ),C. Scale-induced bonding inflammation,0
71. Mo-Aburne infection often causes (  ),D. Eyeitis,0
71. Mo-Aburne infection often causes (  ),E. Eye glands cyst,0
72. The cause of acquired eyelid drooping does not include (  ),A. Lifting the eyelid muscle injury,0
72. The cause of acquired eyelid drooping does not include (  ),B. Severe muscles weak,0
72. The cause of acquired eyelid drooping does not include (  ),C. Eye nerve palsy,0
72. The cause of acquired eyelid drooping does not include (  ),D. Damaged trigeminal nerve,1
72. The cause of acquired eyelid drooping does not include (  ),E. Sensory nerve damage,0
73. The performance of congenital eyelid cracks and narrow syndrome should not appear (  ),A. Lower eyelid drooping,0
73. The performance of congenital eyelid cracks and narrow syndrome should not appear (  ),B. Reverse inside,0
73. The performance of congenital eyelid cracks and narrow syndrome should not appear (  ),C. Excessive distance between the internal puppet,0
73. The performance of congenital eyelid cracks and narrow syndrome should not appear (  ),D. Upper eyelid inside,1
73. The performance of congenital eyelid cracks and narrow syndrome should not appear (  ),E. Eye cracks shrink,0
74. The main cause of Horner syndrome is (  ),A. Eye nerve paralysis,0
74. The main cause of Horner syndrome is (  ),B. Sensory nerve injury,1
74. The main cause of Horner syndrome is (  ),C. Lifting upper eyelid muscle dysplasia,0
74. The main cause of Horner syndrome is (  ),D. Lifting upper eyelid muscle injury,0
74. The main cause of Horner syndrome is (  ),E. Severe muscles weak,0
75. The most commonly accumulated nerves of herpes zoster palpebral dermatitis is (  ),A. Modern eye nerves,0
75. The most commonly accumulated nerves of herpes zoster palpebral dermatitis is (  ),B. Bald nerve,0
75. The most commonly accumulated nerves of herpes zoster palpebral dermatitis is (  ),C. Trident,1
75. The most commonly accumulated nerves of herpes zoster palpebral dermatitis is (  ),D. Show nerve,0
75. The most commonly accumulated nerves of herpes zoster palpebral dermatitis is (  ),E. Facial nerve,0
76. Which of the following is not a conventional examination of ophthalmology (  ),A.X line flat film,0
76. Which of the following is not a conventional examination of ophthalmology (  ),B. Ultrasonic examination,0
76. Which of the following is not a conventional examination of ophthalmology (  ),C.MRI,0
76. Which of the following is not a conventional examination of ophthalmology (  ),D.CT,0
76. Which of the following is not a conventional examination of ophthalmology (  ),E.DSA,1
"77. Regarding the clinical characteristics of acute dacryoadenitis, the description is incorrect (  )","A. Unilateral onset, pain in the lacrimal glands",0
"77. Regarding the clinical characteristics of acute dacryoadenitis, the description is incorrect (  )","B. The upper eyelid is S-shaped, the skin is red and swollen, the upper eyelid is drooping",0
"77. Regarding the clinical characteristics of acute dacryoadenitis, the description is incorrect (  )",C. Ear lymphatic swelling,0
"77. Regarding the clinical characteristics of acute dacryoadenitis, the description is incorrect (  )","D. Local inflammation, rarely fever, increased body temperature",1
"77. Regarding the clinical characteristics of acute dacryoadenitis, the description is incorrect (  )","E.CT shows the expansion of the lacrimal glands, the edges are irregular",0
78. The correct treatment for inflammatory pseudotumors is (  ),A. The most sensitive to corticosteroids is alkaline granulocytes,1
78. The correct treatment for inflammatory pseudotumors is (  ),B. The most sensitive radiotherapy is lymphocyte infiltration type,0
78. The correct treatment for inflammatory pseudotumors is (  ),"C. Generally, local medication is effective",0
78. The correct treatment for inflammatory pseudotumors is (  ),D. Complete resection of surgery when necessary to prevent a recurrence,0
78. The correct treatment for inflammatory pseudotumors is (  ),E. The amount of cortical hormone should be less and short to avoid complications of the whole body,0
79. The cause of congenital upper eyelid drooping is (  ),A. Eye nerve paralysis,0
79. The cause of congenital upper eyelid drooping is (  ),B. Sensory neurological disease,0
79. The cause of congenital upper eyelid drooping is (  ),C. Severe muscles weak,0
79. The cause of congenital upper eyelid drooping is (  ),D. Moving eye nerve nucleus or lifting upper eyelid muscle dysplasia,1
79. The cause of congenital upper eyelid drooping is (  ),E. Lifting upper eyelid muscle injury,0
80. Which of the following description is not characteristic of the ultrasonic wave of the eye (  ),A. The vascular lesions of the vessel are suitable for color Doppler examination,0
80. Which of the following description is not characteristic of the ultrasonic wave of the eye (  ),"B. It can display internal orbital fat, optic nerve, external muscle",0
80. Which of the following description is not characteristic of the ultrasonic wave of the eye (  ),C.A Super can make a more correct qualitative diagnosis,0
80. Which of the following description is not characteristic of the ultrasonic wave of the eye (  ),D. The compression of the tumor is mostly hemangioma,1
80. Which of the following description is not characteristic of the ultrasonic wave of the eye (  ),E. The nature and range of the lesion can be judged from its two -dimensional image,0
81. The most common reason for scarring eyelids is (  ),A. trachoma,1
81. The most common reason for scarring eyelids is (  ),B. Plasseitis,0
81. The most common reason for scarring eyelids is (  ),C. Eyeitis,0
81. The most common reason for scarring eyelids is (  ),D. Eye trauma,0
81. The most common reason for scarring eyelids is (  ),E. Eye burns,0
82. The characteristics of the following yellow tumor are wrong (  ),A. It is more common in middle-aged and elderly people,0
82. The characteristics of the following yellow tumor are wrong (  ),B. The blood lipids of most patients rise,1
82. The characteristics of the following yellow tumor are wrong (  ),C. Most of the lesions are located on the upper eyelid near the inner corner skin,0
82. The characteristics of the following yellow tumor are wrong (  ),D. Most of them are bilateral onset,0
82. The characteristics of the following yellow tumor are wrong (  ),E. No treatment,0
83. The most reliable method of determining the diagnosis of inferential tumors is (  ),A.X line flat film inspection,0
83. The most reliable method of determining the diagnosis of inferential tumors is (  ),B. Eye ultrasound examination,0
83. The most reliable method of determining the diagnosis of inferential tumors is (  ),C.CT,0
83. The most reliable method of determining the diagnosis of inferential tumors is (  ),D.mri,0
83. The most reliable method of determining the diagnosis of inferential tumors is (  ),E. Pathological examination,1
84. The most common reason for congenital tears is (  ),A. Congenital lacrimal sac,0
84. The most common reason for congenital tears is (  ),B. Congenital meninge swelling,0
84. The most common reason for congenital tears is (  ),C.hasner petal block,1
84. The most common reason for congenital tears is (  ),D. Congenital skin tear tract fistula fistula,0
84. The most common reason for congenital tears is (  ),E. Newborn conjunctivitis,0
85. The commonly used scanning plane of CT is (  ),A. Horizon,0
85. The commonly used scanning plane of CT is (  ),B. Crown position,0
85. The commonly used scanning plane of CT is (  ),C. Sacrity position,0
85. The commonly used scanning plane of CT is (  ),D. Crown position+level,1
85. The commonly used scanning plane of CT is (  ),E. Sacrity position+level level,0
86. What causes eyeball disorder is (  ),A. Obilus honeycomb wovenitis,0
86. What causes eyeball disorder is (  ),B.Graves eye disease,0
86. What causes eyeball disorder is (  ),C. Horizontal muscle sarcoma,0
86. What causes eyeball disorder is (  ),D. Obilus tip syndrome,0
86. What causes eyeball disorder is (  ),E. The above is possible,1
87. The common causes of blunt and dysfunction of the eyeballs do not include which item of the following (  ),"A. Brick, stone and fist",0
87. The common causes of blunt and dysfunction of the eyeballs do not include which item of the following (  ),B. Ball strike and bump,0
87. The common causes of blunt and dysfunction of the eyeballs do not include which item of the following (  ),C. Traffic accident,0
87. The common causes of blunt and dysfunction of the eyeballs do not include which item of the following (  ),D. ion radiation damage,1
87. The common causes of blunt and dysfunction of the eyeballs do not include which item of the following (  ),E. The shock wave of the explosion,0
"88. About thyroid-related eye diseases, the correct one is (  )",A. Both hyperthyroidism,0
"88. About thyroid-related eye diseases, the correct one is (  )",B. The iodine absorption rate is increased,0
"88. About thyroid-related eye diseases, the correct one is (  )","C. Eye muscle abdominal hypertrophy, the tendon is not affected",1
"88. About thyroid-related eye diseases, the correct one is (  )",D. All with eye muscle palsy,0
"88. About thyroid-related eye diseases, the correct one is (  )","E. Eye Decompaters measures the degree of eye projection greater than 28 mm, which is the vicious eye",0
89. Early treatment of external wheat gallery is correct (  ),A. Local hot compress,0
89. Early treatment of external wheat gallery is correct (  ),B. Local cold compress,1
89. Early treatment of external wheat gallery is correct (  ),C. Cut open pus,0
89. Early treatment of external wheat gallery is correct (  ),D. Squeeze the pus out,0
89. Early treatment of external wheat gallery is correct (  ),E. Titanic antibiotic eye fluid,0
89. Early treatment of external wheat gallery is correct (  ),A. Sponge-like hemangioma,0
89. Early treatment of external wheat gallery is correct (  ),B. Cervical cavernous pool fistula,1
89. Early treatment of external wheat gallery is correct (  ),C. Objectives,0
89. Early treatment of external wheat gallery is correct (  ),D. Eye vein song,0
89. Early treatment of external wheat gallery is correct (  ),E. Cerebral membrane brain swelling,0
91. Observatory is not accompanied by noise (  ),A. Sponge-like hemangioma,0
91. Observatory is not accompanied by noise (  ),B. Cervical cavernous sinus fistula,0
91. Observatory is not accompanied by noise (  ),C. Objectives,0
91. Observatory is not accompanied by noise (  ),D. Eye vein song,0
91. Observatory is not accompanied by noise (  ),E. Cerebral membrane brain swelling,1
92. The causes of incomplete eyelid closing are (  ),A. Facial nerve paralysis,0
92. The causes of incomplete eyelid closing are (  ),B. Eye scarring,0
92. The causes of incomplete eyelid closing are (  ),C. Hypertrophic thyroid function,0
92. The causes of incomplete eyelid closing are (  ),D. Comat,0
92. The causes of incomplete eyelid closing are (  ),E. The above are all,1
93. Most of the tumors that make the eyeballs protrude from the front are the gaps (  ),A. Overseas gap,0
93. Most of the tumors that make the eyeballs protrude from the front are the gaps (  ),B. Muscle outer gap,0
93. Most of the tumors that make the eyeballs protrude from the front are the gaps (  ),C. Muscle cone interior space,1
93. Most of the tumors that make the eyeballs protrude from the front are the gaps (  ),D. The gap between the fascia and the sclera,0
93. Most of the tumors that make the eyeballs protrude from the front are the gaps (  ),E. Eye,0
94. The most common pathogenic bacteria of wheat enlargement are (  ),A. Chain bacteria,0
94. The most common pathogenic bacteria of wheat enlargement are (  ),B. Staphylococcus aureus,1
94. The most common pathogenic bacteria of wheat enlargement are (  ),C. Mo -Abinobacteria,0
94. The most common pathogenic bacteria of wheat enlargement are (  ),D. fungi,0
94. The most common pathogenic bacteria of wheat enlargement are (  ),E. Greenland,0
95. The most common benign epithelial tumor of lacrimal glands is (  ),A. Palpebral chalazion,0
95. The most common benign epithelial tumor of lacrimal glands is (  ),B. Pleomorphic adenoma of the lacrimal gland,1
95. The most common benign epithelial tumor of lacrimal glands is (  ),C. Lacrimal gland acinic cell carcinoma,0
95. The most common benign epithelial tumor of lacrimal glands is (  ),D. Wathin tumor,0
95. The most common benign epithelial tumor of lacrimal glands is (  ),E. The above are not,0
96. About tear tube inflammation narrative is wrong (  ),"A. Most of them are caused by chlamydia, picked bacteria, white calamus or epithelium infection",0
96. About tear tube inflammation narrative is wrong (  ),"B. Children are susceptible to suffering, mostly infected with tears, and often occur in purulent conjunctivitis in the eye",0
96. About tear tube inflammation narrative is wrong (  ),"C. Patients with end bonding edge and conjunctiva congestion, tears edema, compressing tear tubules with secretions discharged",0
96. About tear tube inflammation narrative is wrong (  ),"D. Generally, the nasal convergence of the tear sac, it is not easy to relapse after surgery",1
96. About tear tube inflammation narrative is wrong (  ),"E. In severe cases, tears are cut into small pipes, scraped the necrotic tissue, iodine burning mucosal surface",0
97. The narrative about thyroid-related eye disease is wrong (  ),A. The most common cause of adult eyeballs is the most common reason,0
97. The narrative about thyroid-related eye disease is wrong (  ),"B. Pathological change to external eye edema, muscle fibrosis, lymphocyte infiltration, etc.",0
97. The narrative about thyroid-related eye disease is wrong (  ),C. The lesions primarily damage the extraocular muscles and the levator palpebrae superioris,1
97. The narrative about thyroid-related eye disease is wrong (  ),D.CT examination can help confirm the diagnosis,0
97. The narrative about thyroid-related eye disease is wrong (  ),E. Thyroid function test is not helpful for diagnosis,0
98. The following statement is correct (  ),A. The main symptom of chronic dacryocystitis is tearing,1
98. The following statement is correct (  ),B. Tears are shed tears,0
98. The following statement is correct (  ),C. Tears are caused by an eye infection,0
98. The following statement is correct (  ),D. The patient's eyes are tears called tears overflow,0
98. The following statement is correct (  ),E. Flowing tears are formed by stenosis or obstruction of the tear tract,0
99. The preferred treatment of eyelid capillary hemangioma is (  ),A. Local frozen,0
99. The preferred treatment of eyelid capillary hemangioma is (  ),B. Surgical resection,0
99. The preferred treatment of eyelid capillary hemangioma is (  ),C. Local hormone therapy,1
99. The preferred treatment of eyelid capillary hemangioma is (  ),D. Local laser treatment,0
99. The preferred treatment of eyelid capillary hemangioma is (  ),E. The above are not,0
100. The disease located outside the muscle cone is (  ),A. Sponge-like hemangioma,0
100. The disease located outside the muscle cone is (  ),B. Optic nerve meningioma,0
100. The disease located outside the muscle cone is (  ),C. Optical nerve glue tumor,0
100. The disease located outside the muscle cone is (  ),D. Leather-like cyst,1
100. The disease located outside the muscle cone is (  ),E. Cervical cavernous sinus fistula,0
"101. Mikulicz syndrome except for lacrimal glands, the most often enlarged glands are (  )",A. Breast,0
"101. Mikulicz syndrome except for lacrimal glands, the most often enlarged glands are (  )",B. thymus,0
"101. Mikulicz syndrome except for lacrimal glands, the most often enlarged glands are (  )",C. Muman glands,1
"101. Mikulicz syndrome except for lacrimal glands, the most often enlarged glands are (  )",D. Prostate,0
"101. Mikulicz syndrome except for lacrimal glands, the most often enlarged glands are (  )",E. The above are not,0
102. The following statement is wrong (  ),A. Sponge-like hemangioma belongs to the benign internal orbital germ tumor,0
102. The following statement is wrong (  ),B. Horizontal muscle sarcoma is the most common malignant orbital lobe tumor for children,0
102. The following statement is wrong (  ),C. Opticular meningioma CT is often manifested as optic nerve spacious expansion,1
102. The following statement is wrong (  ),"D. After the skin cyst is ruined, it may cause orbital cellulitis",0
102. The following statement is wrong (  ),E. Eye green tumor is a light green mass formed by leukemia cells in the bellies of the orbital osteophytes.,0
"103. During the surgery of the outer wheat gallery, its surgical incision should (  )",A. Vertical to the skin surface,0
"103. During the surgery of the outer wheat gallery, its surgical incision should (  )",B. Vertical to the eyelid plane,0
"103. During the surgery of the outer wheat gallery, its surgical incision should (  )",C. Vertical to the eyelid margin,0
"103. During the surgery of the outer wheat gallery, its surgical incision should (  )",D. Parallel to the eyelid margin,1
"103. During the surgery of the outer wheat gallery, its surgical incision should (  )",E. Vertical to the orbital margin,0
104. The important basis for the diagnosis of foreign objects in the eyes is (  ),A. Find a full-layer scar on the cornea,1
104. The important basis for the diagnosis of foreign objects in the eyes is (  ),B. Corneal scabies with epithelium,0
104. The important basis for the diagnosis of foreign objects in the eyes is (  ),C. Corner elastic layer rupture,0
104. The important basis for the diagnosis of foreign objects in the eyes is (  ),D. Inner corneal edema,0
104. The important basis for the diagnosis of foreign objects in the eyes is (  ),E. Corneal ulcer,0
105. Bacterial extension infection of orbital cellulitis mainly comes from (  ),A. Sky swelling,0
105. Bacterial extension infection of orbital cellulitis mainly comes from (  ),B. Eyeitis,1
105. Bacterial extension infection of orbital cellulitis mainly comes from (  ),C. Obuvenitis,0
105. Bacterial extension infection of orbital cellulitis mainly comes from (  ),D. Sinic sinus and teeth inflammation,0
105. Bacterial extension infection of orbital cellulitis mainly comes from (  ),E. inflammatory fake tumor,0
106. The main reason for functional tears is (  ),A. lacrimal punctum obstruction,0
106. The main reason for functional tears is (  ),B. lacrimal canal obstruction,0
106. The main reason for functional tears is (  ),C. nasolacrimal duct obstruction,0
106. The main reason for functional tears is (  ),D. nasolacrimal duct stenosis,0
106. The main reason for functional tears is (  ),E. laxity of the orbicularis oculi muscle,1
107. The purpose of preoperative lacrimal sac iodine oil imaging examination for lacrimal sac-nasal cavity anastomosis surgery is (  ),A. Increase hospital income,0
107. The purpose of preoperative lacrimal sac iodine oil imaging examination for lacrimal sac-nasal cavity anastomosis surgery is (  ),B. Exclude the possibility of acute dacryocystitis,0
107. The purpose of preoperative lacrimal sac iodine oil imaging examination for lacrimal sac-nasal cavity anastomosis surgery is (  ),C. Excluding the possibility of lacrimal tumor,0
107. The purpose of preoperative lacrimal sac iodine oil imaging examination for lacrimal sac-nasal cavity anastomosis surgery is (  ),"D. Determine the shape of the lacrimal sac, eliminate the taboos of surgery",1
107. The purpose of preoperative lacrimal sac iodine oil imaging examination for lacrimal sac-nasal cavity anastomosis surgery is (  ),E. The above are not,0
108. The treatment of orbital cellulitis is wrong (  ),A. Early treatment of primary lesions,0
108. The treatment of orbital cellulitis is wrong (  ),B. Early application of sufficient broad-spectrum antibiotics,0
108. The treatment of orbital cellulitis is wrong (  ),C. Early line cut and drainage,1
108. The treatment of orbital cellulitis is wrong (  ),D. Apply glucocorticoid as appropriate,0
108. The treatment of orbital cellulitis is wrong (  ),E. Internal orbital high-pressure severe damage to the vision should be performed in time,0
109. Horizontal muscular sarcoma is better to occur (  ),A. Nose Elephant Limits,1
109. Horizontal muscular sarcoma is better to occur (  ),B. Nose Limits,0
109. Horizontal muscular sarcoma is better to occur (  ),C. Inside the muscle cone,0
109. Horizontal muscular sarcoma is better to occur (  ),D. temporal quadrant,0
109. Horizontal muscular sarcoma is better to occur (  ),E. Upper temporal quadrant,0
109. Horizontal muscular sarcoma is better to occur (  ),A. It can be accompanied by corneal inflammation,1
109. Horizontal muscular sarcoma is better to occur (  ),B. Polynon -free conjunctiva edema,0
109. Horizontal muscular sarcoma is better to occur (  ),C. The pathogenic bacteria first invaded the nearby artery,0
109. Horizontal muscular sarcoma is better to occur (  ),D. General,0
109. Horizontal muscular sarcoma is better to occur (  ),E. There are acute and chronic divisions,0
"111. About the narrative of the tear glands polyphonic adenocarcinoma, the wrong thing is (  )",A. More common in young people,0
"111. About the narrative of the tear glands polyphonic adenocarcinoma, the wrong thing is (  )",B. Can be transformed from pleomorphic adenomas,0
"111. About the narrative of the tear glands polyphonic adenocarcinoma, the wrong thing is (  )",C. Eyeball suddenly outwards,1
"111. About the narrative of the tear glands polyphonic adenocarcinoma, the wrong thing is (  )",D. The texture of the mass is hard and tender,0
"111. About the narrative of the tear glands polyphonic adenocarcinoma, the wrong thing is (  )","E.CT shows the boundaries of the mass are unclear, the shape is irregular",0
"112. Regarding ulcerative blepharitis, the correct thing is (  )",A. Vitamin B2 deficiency is good,0
"112. Regarding ulcerative blepharitis, the correct thing is (  )",B. Most of them are caused by Morax-AXENFELD diplobacterium infection,0
"112. Regarding ulcerative blepharitis, the correct thing is (  )",C. Sterile granuloma inflammation,0
"112. Regarding ulcerative blepharitis, the correct thing is (  )",D. The eyelashes are easy to fall off and cannot be regenerated,1
"112. Regarding ulcerative blepharitis, the correct thing is (  )","E. Taboo uses a 3%boric acid solution to clean the edge of the eyelids, and it must be cleaned with 2%sodium bicarbonate solution",0
113. The most common cause of incomplete eyelid closed is (  ),A. Elder eye of thyroid disease,0
113. The most common cause of incomplete eyelid closed is (  ),B. Scarring ectropion,0
113. The most common cause of incomplete eyelid closed is (  ),C. When anesthesia,0
113. The most common cause of incomplete eyelid closed is (  ),D. Facial nerve paralysis,1
113. The most common cause of incomplete eyelid closed is (  ),E. Eye Tumor,0
114. The most common cause of scales -intensive blepharitis is (  ),A. Staphylococcus aureus infection,0
114. The most common cause of scales -intensive blepharitis is (  ),B. Pneumonia infection,0
114. The most common cause of scales -intensive blepharitis is (  ),C. Mo-Aibulobacar infection,0
114. The most common cause of scales -intensive blepharitis is (  ),D. Oyomic gland secretion is excessively strong,1
114. The most common cause of scales -intensive blepharitis is (  ),E. Herpes virus infection,0
115. The most common malignant tumor of the eyelids is (  ),A. Symbolic cell carcinoma,0
115. The most common malignant tumor of the eyelids is (  ),B. Symnoma glandular cancer,0
115. The most common malignant tumor of the eyelids is (  ),C. Basal cell carcinoma,1
115. The most common malignant tumor of the eyelids is (  ),D. Malgnancy melanoma,0
115. The most common malignant tumor of the eyelids is (  ),E. Moving the epithelial cancer,0
116. The benign tumor that adhesive lumps and bone seams should usually be considered (  ),A. Specoma,0
116. The benign tumor that adhesive lumps and bone seams should usually be considered (  ),B. Skin-like cyst,1
116. The benign tumor that adhesive lumps and bone seams should usually be considered (  ),C. Popular tumor,0
116. The benign tumor that adhesive lumps and bone seams should usually be considered (  ),D. Nervous fibroma,0
116. The benign tumor that adhesive lumps and bone seams should usually be considered (  ),E. Obuctal tumor,0
117. Causes of injury of acidic substances (  ),A. Acid can make tissue protein coagulation and bad,1
117. Causes of injury of acidic substances (  ),B. Corner epithelial necrosis falls off,0
117. Causes of injury of acidic substances (  ),C. Sap can jellyfish with the organization,0
117. Causes of injury of acidic substances (  ),D. Missing the tissue,0
117. Causes of injury of acidic substances (  ),E. Make tissue cells decompose necrosis,0
118. The disease with incomplete eyelids will occur (  ),A. Congenital glaucoma,0
118. The disease with incomplete eyelids will occur (  ),B. Estate of thyroid disease,0
118. The disease with incomplete eyelids will occur (  ),C. Facial nerve paralysis,0
118. The disease with incomplete eyelids will occur (  ),D. Objective tumor,0
118. The disease with incomplete eyelids will occur (  ),E. Congenital small eyeball,1
119. The following is correct about orbital cellulitis (  ),A. Divided into two orientations before or behind,0
119. The following is correct about orbital cellulitis (  ),B. The most common is caused by facial swelling,0
119. The following is correct about orbital cellulitis (  ),C. Can cause vein of cavernous sinus thrombosis,1
119. The following is correct about orbital cellulitis (  ),D. Pupil abnormalities are mainly due to ciliary nerves.,0
119. The following is correct about orbital cellulitis (  ),E. It is a specific inflammation,0
120. Positioned eyeballs protruding orbital lesions (  ),A. Sponge-like hemangioma,0
120. Positioned eyeballs protruding orbital lesions (  ),B. End-sinus mucus cysts,0
120. Positioned eyeballs protruding orbital lesions (  ),C. Objectives,0
120. Positioned eyeballs protruding orbital lesions (  ),D. Eye vein song,1
120. Positioned eyeballs protruding orbital lesions (  ),E. lymphoma,0
121. Ectropion caused by eyelid trauma or surgery is (  ),A. Scarring Eye Ververt,1
121. Ectropion caused by eyelid trauma or surgery is (  ),B. Congenital eyelid revelation,0
121. Ectropion caused by eyelid trauma or surgery is (  ),C. Paralyzed eyelid revelation,0
121. Ectropion caused by eyelid trauma or surgery is (  ),D. Elderly eyelid valgus,0
121. Ectropion caused by eyelid trauma or surgery is (  ),E. Spasm eyelid valgus,0
121. The abnormal eyelid position of the elderly is (  ),A. Scarring eyelid turning,0
121. The abnormal eyelid position of the elderly is (  ),B. Spasm eye turning in the eyelid,1
121. The abnormal eyelid position of the elderly is (  ),C. Scarring Eye Verprration,0
121. The abnormal eyelid position of the elderly is (  ),D. Paralyzed eyelid revelation,0
121. The abnormal eyelid position of the elderly is (  ),E. Mechanical eyelid turning,0
122. The treatment measures for chronic tendonitis include (  ),A. Combined with whole-body treatment,0
122. The treatment measures for chronic tendonitis include (  ),B. lamps tract laser,0
122. The treatment measures for chronic tendonitis include (  ),C. Ladings nasal cavity conformity,0
122. The treatment measures for chronic tendonitis include (  ),D. The above are not,0
122. The treatment measures for chronic tendonitis include (  ),E. The above are all,1
"123. For the treatment in the eyelid, the incorrect is (  )",A. The internal fixation method of the internal eyelids of the lower eyelid is feasible,0
"123. For the treatment in the eyelid, the incorrect is (  )",B. Spasmic eyelids can be tried to try botox internal injection. Consider surgical treatment when it is invalid,0
"123. For the treatment in the eyelid, the incorrect is (  )",C. Scarring Internal Eye Internal Beard Surgical Treatment,0
"123. For the treatment in the eyelid, the incorrect is (  )",D. Mechanical eyelids can be tried with a righteous eye sheet or the surgical implantation of righteous eye seats,0
"123. For the treatment in the eyelid, the incorrect is (  )","E. Elderly people should not remove excess skin during spasm internal turmoil surgery, so as not to cause postoperative eyelids",1
124. 75%of horizontal muscle sarcoma occurs before a few years old (  ),A.7 years old,0
124. 75%of horizontal muscle sarcoma occurs before a few years old (  ),B. 8 years old,0
124. 75%of horizontal muscle sarcoma occurs before a few years old (  ),C. 9 years old,0
124. 75%of horizontal muscle sarcoma occurs before a few years old (  ),D. 10 years old,1
124. 75%of horizontal muscle sarcoma occurs before a few years old (  ),E. 11 years old,0
125. The most common reason for the incomplete eyelid closed is (  ),A.Graves eye disease,0
125. The most common reason for the incomplete eyelid closed is (  ),B. Corneal grape swelling,0
125. The most common reason for the incomplete eyelid closed is (  ),C. Facial nerve paralysis,1
125. The most common reason for the incomplete eyelid closed is (  ),D. Comat,0
125. The most common reason for the incomplete eyelid closed is (  ),E. Scarring Eye,0
126. The most common reason for inverted eyelashes is (  ),A. trachoma,1
126. The most common reason for inverted eyelashes is (  ),B. Plasseitis,0
126. The most common reason for inverted eyelashes is (  ),C. Eye trauma,0
126. The most common reason for inverted eyelashes is (  ),D. Eye burns,0
126. The most common reason for inverted eyelashes is (  ),E. Eyeitis,0
127. Mechanical eye injuries do not include which items are included (  ),A. Corneal frustration,0
127. Mechanical eye injuries do not include which items are included (  ),B. Crystal contusion,0
127. Mechanical eye injuries do not include which items are included (  ),C. Radiation eye trauma,1
127. Mechanical eye injuries do not include which items are included (  ),D. Glass volume blood,0
127. Mechanical eye injuries do not include which items are included (  ),E. Retinal shock,0
128. The situation that causes eyeballs is mainly (  ),A. Internal orbital vascular expansion,0
128. The situation that causes eyeballs is mainly (  ),B. Obiasis absorption,1
128. The situation that causes eyeballs is mainly (  ),C. Nearly myopia,0
128. The situation that causes eyeballs is mainly (  ),D. Eye tumor,0
128. The situation that causes eyeballs is mainly (  ),E. Internal parasites,0
129. The following is correct about inflammation and false tumors (  ),A. IgA and IGG in serum rise,0
129. The following is correct about inflammation and false tumors (  ),B. Partially found anti-eye muscle antibody,0
129. The following is correct about inflammation and false tumors (  ),C. Pathological is a specialty tumor-like inflammation,1
129. The following is correct about inflammation and false tumors (  ),D. You can affect the bone wall,0
129. The following is correct about inflammation and false tumors (  ),E. It is a chronic inflammatory response caused by tuberculosis,0
130. It is the nasal tube that is susceptible to the influence of the nasal disease.,A. lower paragraph,1
130. It is the nasal tube that is susceptible to the influence of the nasal disease.,B. Upper paragraph,0
130. It is the nasal tube that is susceptible to the influence of the nasal disease.,C. Middle section,0
130. It is the nasal tube that is susceptible to the influence of the nasal disease.,D. The above are not,0
130. It is the nasal tube that is susceptible to the influence of the nasal disease.,E. The above are all,0
131. The main cause of the onset of orbital cellulitis is (  ),A. Sinus tooth infection,1
131. The main cause of the onset of orbital cellulitis is (  ),B. Border swelling,0
131. The main cause of the onset of orbital cellulitis is (  ),C. Eye injuries,0
131. The main cause of the onset of orbital cellulitis is (  ),D. Obelmon osteositis,0
131. The main cause of the onset of orbital cellulitis is (  ),E. Eye surgery,0
"132. The normal value of my country's eyeballs (when looking forward on the side of the eye, protruding from the outer orbital edge) is (  )",A.12 ~ 14 mm,1
"132. The normal value of my country's eyeballs (when looking forward on the side of the eye, protruding from the outer orbital edge) is (  )",B.13 ~ 15 mm,0
"132. The normal value of my country's eyeballs (when looking forward on the side of the eye, protruding from the outer orbital edge) is (  )",C.14 ~ 16 mm,0
"132. The normal value of my country's eyeballs (when looking forward on the side of the eye, protruding from the outer orbital edge) is (  )",D. <12 mm,0
"132. The normal value of my country's eyeballs (when looking forward on the side of the eye, protruding from the outer orbital edge) is (  )",E. The above is not right,0
133. Crocodile tears are more common in (  ),"A.bell, s paralysis facial nerve incomplete repair",1
133. Crocodile tears are more common in (  ),B.Riley-DAY syndrome,0
133. Crocodile tears are more common in (  ),C. Acute tendonitis,0
133. Crocodile tears are more common in (  ),D. Cobe,0
133. Crocodile tears are more common in (  ),E. Chronic lacrimal cystitis,0
134. The following patients with upper eyelid drooping should first consider surgical treatment (  ),A. Congenital upper eyelid drooping,1
134. The following patients with upper eyelid drooping should first consider surgical treatment (  ),B. Paralysis upper eyelid drooping,0
134. The following patients with upper eyelid drooping should first consider surgical treatment (  ),C. Severe muscle weakness upper eyelid drooping,0
134. The following patients with upper eyelid drooping should first consider surgical treatment (  ),D. Get the upper eyelid drooping,0
134. The following patients with upper eyelid drooping should first consider surgical treatment (  ),E. The upper eyelid drooping caused by neurological diseases,0
135. The situation that causes eyeballs is mainly (  ),A. Disposal of tissue traction after bellies inflammation,0
135. The situation that causes eyeballs is mainly (  ),B. Obiasis absorption,0
135. The situation that causes eyeballs is mainly (  ),C. Connect,0
135. The situation that causes eyeballs is mainly (  ),D. Eye tumor,1
135. The situation that causes eyeballs is mainly (  ),E. Eye Fracture,0
136. Except for the typical manifestations of inflammatory pseudotumors (  ),A. Acute onset,0
136. Except for the typical manifestations of inflammatory pseudotumors (  ),B. Ezon pain,0
136. Except for the typical manifestations of inflammatory pseudotumors (  ),C. Eye dysfunction,0
136. Except for the typical manifestations of inflammatory pseudotumors (  ),D. Reviewing and eye-catching,0
136. Except for the typical manifestations of inflammatory pseudotumors (  ),E. Eye muscle is normal,1
"137. About the narrative of the tumor, the wrong thing is (  )",A. Most of them are primary,0
"137. About the narrative of the tumor, the wrong thing is (  )",B. Most of the benign,0
"137. About the narrative of the tumor, the wrong thing is (  )",C. It is more common in middle-aged and elderly people,0
"137. About the narrative of the tumor, the wrong thing is (  )",D. Extension to the surrounding organization,1
"137. About the narrative of the tumor, the wrong thing is (  )",E. Squeeze the bloody secretions in the lacrimal sac,0
"137. About the narrative of the tumor, the wrong thing is (  )",A.75%or more,0
"137. About the narrative of the tumor, the wrong thing is (  )",B.80%or more,0
"137. About the narrative of the tumor, the wrong thing is (  )",C.85%or more,0
"137. About the narrative of the tumor, the wrong thing is (  )",D.90%or more,1
"137. About the narrative of the tumor, the wrong thing is (  )",E.95%or more,0
"139. In the primary epithelium of the lacrimal glands, polygonal adenoma occupies (  )",A.10%,0
"139. In the primary epithelium of the lacrimal glands, polygonal adenoma occupies (  )",B.20%,0
"139. In the primary epithelium of the lacrimal glands, polygonal adenoma occupies (  )",C.50%,1
"139. In the primary epithelium of the lacrimal glands, polygonal adenoma occupies (  )",D.60%,0
"139. In the primary epithelium of the lacrimal glands, polygonal adenoma occupies (  )",E.80%,0
140. The most sensitive eyelid malignant tumor for radiation therapy is (  ),A. yellow tumor,0
140. The most sensitive eyelid malignant tumor for radiation therapy is (  ),B. Eye hemangioma,0
140. The most sensitive eyelid malignant tumor for radiation therapy is (  ),C. Basal cell carcinoma,1
140. The most sensitive eyelid malignant tumor for radiation therapy is (  ),D. Symbolic cell carcinoma,0
140. The most sensitive eyelid malignant tumor for radiation therapy is (  ),E. Corticic cancer,0
"141. The characteristics of the upper eyelid drooping, the wrong narrative is (  )",A. Congenital upper eyelid drooping in children with forehead decreases,1
"141. The characteristics of the upper eyelid drooping, the wrong narrative is (  )","B. The mandibular instantaneous syndrome is manifested as congenital upper eyelid drooping, and the eyelids are moved when motion exercises.",0
"141. The characteristics of the upper eyelid drooping, the wrong narrative is (  )",C.HORNER syndrome can have a drooping upper eyelid on the side,0
"141. The characteristics of the upper eyelid drooping, the wrong narrative is (  )","D.Marin-amat syndrome is also manifested as congenital upper eyelid drooping, but the eyelid is closed when the mouth is opened",0
"141. The characteristics of the upper eyelid drooping, the wrong narrative is (  )","E. Patients with severe muscle weakness, upper eyelids, drooping morning light twilight",0
"142. Regarding chronic tendonitis, the wrong expression is (  )",A. The main symptom is tears,0
"142. Regarding chronic tendonitis, the wrong expression is (  )",B. Squeezing the lacrimal sac area may have mucus or viscosity secretions from tears.,0
"142. Regarding chronic tendonitis, the wrong expression is (  )","C. If the drainage is not connected, the tear sac can gradually increase the formation of the lacrimal mucus cyst",0
"142. Regarding chronic tendonitis, the wrong expression is (  )",D. Ladings Nasal Kascus is one of the methods of treatment,0
"142. Regarding chronic tendonitis, the wrong expression is (  )",E. Young people can consider tear sac to remove the problem to solve the problem of tears,1
143. The following is correct about inflammatory false tumors (  ),A. Eye muscle attachment edema,1
143. The following is correct about inflammatory false tumors (  ),"B. Eye muscle hypertrophy, the tendon is not affected",0
143. The following is correct about inflammatory false tumors (  ),C. The earliest affected was the rectus muscle,0
143. The following is correct about inflammatory false tumors (  ),D. Most of them are chronic inflammation,0
143. The following is correct about inflammatory false tumors (  ),E. Treatment is mainly broad-spectrum antibiotics,0
144. The main bacteria that cause acute tendonitis in infants and young children are (  ),A. Pneumonia,0
144. The main bacteria that cause acute tendonitis in infants and young children are (  ),B.β-hemolytic link bacteria,1
144. The main bacteria that cause acute tendonitis in infants and young children are (  ),C. Fluentalobacteriobacterium,0
144. The main bacteria that cause acute tendonitis in infants and young children are (  ),D. Staphylococcus aureus,0
144. The main bacteria that cause acute tendonitis in infants and young children are (  ),E. Momo-Aibly,0
144. The main bacteria that cause acute tendonitis in infants and young children are (  ),A. Foreign sensation,0
144. The main bacteria that cause acute tendonitis in infants and young children are (  ),B. Corneal ulcer,1
144. The main bacteria that cause acute tendonitis in infants and young children are (  ),C. Tears,0
144. The main bacteria that cause acute tendonitis in infants and young children are (  ),D. Conjunctival congestion,0
144. The main bacteria that cause acute tendonitis in infants and young children are (  ),E. Affect vision,0
146. The most common reason for inverted eyelashes is (  ),A. trachoma,1
146. The most common reason for inverted eyelashes is (  ),B. Plasseitis,0
146. The most common reason for inverted eyelashes is (  ),C. Eyeitis,0
146. The most common reason for inverted eyelashes is (  ),D. Eye trauma,0
146. The most common reason for inverted eyelashes is (  ),E. Eye burns,0
147. The most important bacteria that cause bonding glands is (  ),A. Pneumococcus,0
147. The most important bacteria that cause bonding glands is (  ),B. Staphylococcus aureus,1
147. The most important bacteria that cause bonding glands is (  ),C. Fluentalobacteriobacterium,0
147. The most important bacteria that cause bonding glands is (  ),D. E. coli,0
147. The most important bacteria that cause bonding glands is (  ),E. Transformers,0
"148. The upper eyelid drooping refers to when watching the front of the front, the upper eyelid edge covers the upper part of the cornea exceeding the cornea (  )",A.1/6,0
"148. The upper eyelid drooping refers to when watching the front of the front, the upper eyelid edge covers the upper part of the cornea exceeding the cornea (  )",B.1/5,1
"148. The upper eyelid drooping refers to when watching the front of the front, the upper eyelid edge covers the upper part of the cornea exceeding the cornea (  )",C.1/4,0
"148. The upper eyelid drooping refers to when watching the front of the front, the upper eyelid edge covers the upper part of the cornea exceeding the cornea (  )",D.1/3,0
"148. The upper eyelid drooping refers to when watching the front of the front, the upper eyelid edge covers the upper part of the cornea exceeding the cornea (  )",E.1/7,0
149. The main pathogenic bacteria of acute tear glands are (  ),A. E. coli,0
149. The main pathogenic bacteria of acute tear glands are (  ),B.β-hemolytic link bacteria,0
149. The main pathogenic bacteria of acute tear glands are (  ),C. Fluentalobacteriobacterium,0
149. The main pathogenic bacteria of acute tear glands are (  ),D. Staphylococcus aureus,1
149. The main pathogenic bacteria of acute tear glands are (  ),E. Momo-Aibly,0
150. The cause of the meibomian gland cyst is (  ),A. bacterial infection,0
150. The cause of the meibomian gland cyst is (  ),B. fungal infection,0
150. The cause of the meibomian gland cyst is (  ),C. Oyomic gland secretion function is too strong,0
150. The cause of the meibomian gland cyst is (  ),D. Outritting gland export obstruction,1
150. The cause of the meibomian gland cyst is (  ),E. Billonal Gonorite Barbonic inflammation,0
151. The most common reasons for prominent eyesight of children (  ),A. Obilus honeycomb wovenitis,1
151. The most common reasons for prominent eyesight of children (  ),B. Skeletal muscle sarcoma,0
151. The most common reasons for prominent eyesight of children (  ),C. Neurological fibroma,0
151. The most common reasons for prominent eyesight of children (  ),D. Gelatinoma,0
151. The most common reasons for prominent eyesight of children (  ),E. Skin-like cyst,0
152. Which of the following balls cannot be checked with nuclear magnetic resonance (  ),A. Stone,0
152. Which of the following balls cannot be checked with nuclear magnetic resonance (  ),B. Glass,0
152. Which of the following balls cannot be checked with nuclear magnetic resonance (  ),C. iron,1
152. Which of the following balls cannot be checked with nuclear magnetic resonance (  ),D. Copper,0
152. Which of the following balls cannot be checked with nuclear magnetic resonance (  ),E. Plastic foreign body,0
153. Tear sac nasal kitchen surgery flows into tears (  ),A. lower nose,0
153. Tear sac nasal kitchen surgery flows into tears (  ),B. Middle Nose,1
153. Tear sac nasal kitchen surgery flows into tears (  ),C. Upper nose,0
153. Tear sac nasal kitchen surgery flows into tears (  ),D. Nasal armor,0
153. Tear sac nasal kitchen surgery flows into tears (  ),E. lower nasal armor,0
154. The direction of compression of the eye shift of the lacrimal glands is (  ),A. Shift to the nose,0
154. The direction of compression of the eye shift of the lacrimal glands is (  ),B. Shift to the nose,1
154. The direction of compression of the eye shift of the lacrimal glands is (  ),C. Shift above the temporal,0
154. The direction of compression of the eye shift of the lacrimal glands is (  ),D. Shift to the temporal,0
154. The direction of compression of the eye shift of the lacrimal glands is (  ),E. Shift to the front of the front,0
